,時刻,料理名,材料,作り方,プロンプト,独創性,おいしさ,食感,プロンプトに対する一致度,塩味,甘味,酸味,苦味,旨味,辛味
0,2024-12-16 08:37:05,クリーミー豚チーズもんじゃ,"{'キャベツ': '100g', '小麦粉': '50g', 'ソース': '大さじ2', 'だし汁': '200ml', 'ネギ': '2本', 'エリンギ': '50g', '豚バラ肉': '100g', 'チーズ': '50g', '卵': '1個', '生クリーム': '50ml', '焼きそば': '1玉'}","{'1': 'キャベツを細かく刻みます。', '2': 'ネギとエリンギを薄切りにします。', '3': '小麦粉をだし汁、生クリーム、卵と混ぜ合わせます。', '4': '焼きそばを1cm幅に刻んでおきます。', '5': 'ホットプレートを熱し、豚バラ肉を炒め、続いてエリンギを加えます。', '6': '3の生地をホットプレートに流し入れ、キャベツとネギ、焼きそばを加えて混ぜます。', '7': '全体が混ざったらチーズを加えてさらに混ぜ、少し焼きます。', '8': 'ソースを全体にかけ、少し焦げ目がつくまで焼き上げたら完成です。'}","以下の具材を使用したもんじゃ焼きのレシピを考えてください。
キャベツ
小麦粉
ソース
だし汁
ネギ
エリンギ
豚バラ肉
チーズ
卵
生クリーム
焼きそば
",76.4,88.7,74.9,92.3,75.8,55.7,30.4,20.3,82.5,15.6